{"cameraMode":{"drawMode":0,"name":"Shaded","section":"Shading Mode"},"sceneLighting":true,"audioPlay":false,"sceneViewState":{"m_AlwaysRefresh":false,"showFog":true,"showSkybox":true,"showFlares":true,"showImageEffects":true,"showParticleSystems":true,"showVisualEffectGraphs":true,"m_FxEnabled":true},"in2DMode":false,"pivot":{"x":-0.6926223039627075,"y":-0.8028125762939453,"z":-12.936481475830079},"rotation":{"x":0.22135230898857118,"y":-0.0035106930881738664,"z":0.0007964088581502438,"w":0.9751969575881958},"size":14.136411666870118,"orthographic":false}