{"cameraMode":{"drawMode":0,"name":"Shaded","section":"Shading Mode"},"sceneLighting":true,"audioPlay":false,"sceneViewState":{"m_AlwaysRefresh":false,"showFog":true,"showSkybox":true,"showFlares":true,"showImageEffects":true,"showParticleSystems":true,"showVisualEffectGraphs":true,"m_FxEnabled":true},"in2DMode":false,"pivot":{"x":11.777374267578125,"y":6.995277404785156,"z":-4.812602996826172},"rotation":{"x":-0.21230477094650269,"y":-0.05188341066241264,"z":0.011215235106647015,"w":-0.9758813977241516},"size":32.07432556152344,"orthographic":false}