{"cameraMode":{"drawMode":0,"name":"Shaded","section":"Shading Mode"},"sceneLighting":true,"audioPlay":false,"sceneViewState":{"m_AlwaysRefresh":false,"showFog":true,"showSkybox":true,"showFlares":true,"showImageEffects":true,"showParticleSystems":true,"showVisualEffectGraphs":true,"m_FxEnabled":true},"in2DMode":false,"pivot":{"x":1.6344702243804932,"y":1.7636361122131348,"z":-18.140491485595704},"rotation":{"x":-0.0019855930004268886,"y":-0.8795687556266785,"z":-0.0036901552230119707,"w":0.47582778334617617},"size":1.1147360801696778,"orthographic":false}