{"cameraMode":{"drawMode":0,"name":"Shaded","section":"Shading Mode"},"sceneLighting":false,"audioPlay":false,"sceneViewState":{"m_AlwaysRefresh":false,"showFog":true,"showSkybox":false,"showFlares":true,"showImageEffects":true,"showParticleSystems":true,"showVisualEffectGraphs":true,"m_FxEnabled":true},"in2DMode":false,"pivot":{"x":3.1337954998016359,"y":0.4094983637332916,"z":-7.926393508911133},"rotation":{"x":0.12072549015283585,"y":-0.3180287480354309,"z":0.04086032882332802,"w":0.9394988417625427},"size":1.1351840496063233,"orthographic":false}