{"cameraMode":{"drawMode":0,"name":"Shaded","section":"Shading Mode"},"sceneLighting":false,"audioPlay":false,"sceneViewState":{"m_AlwaysRefresh":false,"showFog":true,"showSkybox":false,"showFlares":true,"showImageEffects":true,"showParticleSystems":true,"showVisualEffectGraphs":true,"m_FxEnabled":true},"in2DMode":false,"pivot":{"x":-16.323152542114259,"y":0.017213039100170137,"z":2.5801854133605959},"rotation":{"x":0.34124889969825747,"y":-0.0681571215391159,"z":0.02482263185083866,"w":0.9371833801269531},"size":20.194412231445314,"orthographic":false}