{"cameraMode":{"drawMode":0,"name":"Shaded","section":"Shading Mode"},"sceneLighting":false,"audioPlay":false,"sceneViewState":{"m_AlwaysRefresh":false,"showFog":true,"showSkybox":false,"showFlares":true,"showImageEffects":true,"showParticleSystems":true,"showVisualEffectGraphs":true,"m_FxEnabled":true},"in2DMode":false,"pivot":{"x":-0.27484872937202456,"y":-0.49388375878334048,"z":1.4496747255325318},"rotation":{"x":0.3467830419540405,"y":-0.26587122678756716,"z":0.10318120568990708,"w":0.8935582637786865},"size":7.968425750732422,"orthographic":false}